{
  "data": [
    {
      "id": "1",
      "title": "Hero Section",
      "section_type": "hero",
      "paragraphs": [
        {
          "id": "1",
          "title": "hero-main",
          "body": "<h1>Discover Tailor-Made Travel</h1><p class=\"hero-subtitle\">Trust Sunspots Holidays' 55 years of experience planning trips to 115 countries on all 7 continents.</p>",
          "body_format": "full_html"
        },
        {
          "id": "2",
          "title": "hero-cta-primary",
          "body": "<a href=\"/contact\" class=\"btn btn-primary\">Start Planning Trip</a>",
          "body_format": "full_html"
        },
        {
          "id": "3",
          "title": "hero-cta-secondary",
          "body": "<a href=\"/destinations\" class=\"btn btn-secondary\">Explore Destinations</a>",
          "body_format": "full_html"
        },
        {
          "id": "37",
          "title": "hero-trust-indicators",
          "body": "<div class=\"hero-trust-indicators\"><div class=\"trust-indicator\"><div class=\"trust-number\">55</div><div class=\"trust-label\">Years of Experience</div></div><div class=\"trust-indicator\"><div class=\"trust-number\">115</div><div class=\"trust-label\">Countries</div></div><div class=\"trust-indicator\"><div class=\"trust-number\">7</div><div class=\"trust-label\">Continents</div></div><div class=\"trust-indicator\"><div class=\"trust-rating\">★★★★★</div><div class=\"trust-label\">4.8/5 TrustPilot</div></div></div>",
          "body_format": "full_html"
        }
      ],
      "image": "https://images.unsplash.com/photo-1488646953014-85cb44e25828?w=1920&h=1080&fit=crop",
      "created": "2024-01-20T10:00:00Z",
      "changed": "2024-01-20T10:00:00Z"
    },
    {
      "id": "2",
      "title": "Welcome Section",
      "section_type": "welcome",
      "paragraphs": [
        {
          "id": "4",
          "title": "welcome-main",
          "body": "<h2>Welcome to Sunspots Holidays' 55th Anniversary</h2><p class=\"lead\">For 55 years, we've been planning tailor-made trips for travellers. With decades of experience and an Excellent rating and nearly 5,000 verified TrustPilot reviews, you can rely on the trusted travel experts at Sunspots Holidays to plan your next tailor-made trip. Enjoy the best service in the business while we plan a vacation that's perfect for you.</p>",
          "body_format": "full_html"
        },
        {
          "id": "5",
          "title": "welcome-feature-1",
          "body": "<div class=\"feature-card\"><h3>Tailor-made vacations as unique as you are</h3><p>Every trip is customized to your preferences, interests, and travel style.</p></div>",
          "body_format": "full_html"
        },
        {
          "id": "6",
          "title": "welcome-feature-2",
          "body": "<div class=\"feature-card\"><h3>24/7/365 support to ensure your trip is perfect</h3><p>Round-the-clock assistance before, during, and after your journey.</p></div>",
          "body_format": "full_html"
        },
        {
          "id": "7",
          "title": "welcome-feature-3",
          "body": "<div class=\"feature-card\"><h3>Authentic experts who know your destinations</h3><p>Our travel specialists have first-hand knowledge of every destination we offer.</p></div>",
          "body_format": "full_html"
        },
        {
          "id": "8",
          "title": "welcome-feature-4",
          "body": "<div class=\"feature-card\"><h3>Global adventures to 115 destinations, your way</h3><p>From tropical beaches to arctic expeditions, we cover the globe.</p></div>",
          "body_format": "full_html"
        },
        {
          "id": "9",
          "title": "welcome-feature-5",
          "body": "<div class=\"feature-card\"><h3>Elevated journeys with 5-star stays and private tours</h3><p>Luxury accommodations and exclusive experiences designed for discerning travelers.</p></div>",
          "body_format": "full_html"
        }
      ],
      "image": null,
      "created": "2024-01-20T10:00:00Z",
      "changed": "2024-01-20T10:00:00Z"
    },
    {
      "id": "3",
      "title": "Travel Styles",
      "section_type": "trip_styles",
      "paragraphs": [
        {
          "id": "10",
          "title": "trip-styles-header",
          "body": "<h2>Discover Travel Styles</h2>",
          "body_format": "full_html"
        },
        {
          "id": "11",
          "title": "trip-style-safari",
          "body": "<div class=\"trip-style-card\"><div class=\"trip-style-icon\">🦓</div><h3>Safari & Wildlife Vacations</h3><p>Experience the thrill of wildlife encounters in Africa's most iconic destinations.</p></div>",
          "body_format": "full_html"
        },
        {
          "id": "12",
          "title": "trip-style-classic",
          "body": "<div class=\"trip-style-card\"><div class=\"trip-style-icon\">🏛️</div><h3>Classic Vacations</h3><p>Explore iconic landmarks and timeless destinations around the world.</p></div>",
          "body_format": "full_html"
        },
        {
          "id": "13",
          "title": "trip-style-solo",
          "body": "<div class=\"trip-style-card\"><div class=\"trip-style-icon\">👭</div><h3>Solo & Women Travel</h3><p>Safe, enriching experiences designed for solo and women travelers.</p></div>",
          "body_format": "full_html"
        },
        {
          "id": "14",
          "title": "trip-style-beach",
          "body": "<div class=\"trip-style-card\"><div class=\"trip-style-icon\">🏖️</div><h3>Beach Vacations</h3><p>Relax on pristine beaches in tropical paradises around the world.</p></div>",
          "body_format": "full_html"
        },
        {
          "id": "15",
          "title": "trip-style-adventure",
          "body": "<div class=\"trip-style-card\"><div class=\"trip-style-icon\">⛰️</div><h3>Active & Adventure</h3><p>Thrilling adventures for the active traveler seeking excitement.</p></div>",
          "body_format": "full_html"
        },
        {
          "id": "16",
          "title": "trip-style-luxury",
          "body": "<div class=\"trip-style-card\"><div class=\"trip-style-icon\">✨</div><h3>Luxury Vacations</h3><p>Indulge in world-class accommodations and exclusive experiences.</p></div>",
          "body_format": "full_html"
        },
        {
          "id": "17",
          "title": "trip-styles-cta",
          "body": "<a href=\"/trip-styles\" class=\"btn btn-link\">View All Trip Styles</a>",
          "body_format": "full_html"
        }
      ],
      "image": null,
      "created": "2024-01-20T10:00:00Z",
      "changed": "2024-01-20T10:00:00Z"
    },
    {
      "id": "4",
      "title": "Top Destinations",
      "section_type": "destinations",
      "paragraphs": [
        {
          "id": "18",
          "title": "destinations-header",
          "body": "<h2>Where are you headed to next?</h2><p class=\"section-subtitle\">Top Places To Travel</p>",
          "body_format": "full_html"
        },
        {
          "id": "42",
          "title": "destinations-list",
          "body": "<div class=\"destinations-list\"><div class=\"destination-item\" data-destination=\"bali\"><div class=\"destination-image\"><img src=\"https://images.unsplash.com/photo-1518548419970-58e3b4079ab2?w=400&h=300&fit=crop\" alt=\"Bali\" loading=\"lazy\" /></div><div class=\"destination-overlay\"><h3>Bali</h3><p>Island Paradise</p></div></div><div class=\"destination-item\" data-destination=\"paris\"><div class=\"destination-image\"><img src=\"https://images.unsplash.com/photo-1502602898657-3e91760cbb34?w=400&h=300&fit=crop\" alt=\"Paris\" loading=\"lazy\" /></div><div class=\"destination-overlay\"><h3>Paris</h3><p>City of Lights</p></div></div><div class=\"destination-item\" data-destination=\"tokyo\"><div class=\"destination-image\"><img src=\"https://images.unsplash.com/photo-1540959733332-eab4deabeeaf?w=400&h=300&fit=crop\" alt=\"Tokyo\" loading=\"lazy\" /></div><div class=\"destination-overlay\"><h3>Tokyo</h3><p>Modern & Traditional</p></div></div><div class=\"destination-item\" data-destination=\"santorini\"><div class=\"destination-image\"><img src=\"https://images.unsplash.com/photo-1613395877344-13d4a8e0d49e?w=400&h=300&fit=crop\" alt=\"Santorini\" loading=\"lazy\" /></div><div class=\"destination-overlay\"><h3>Santorini</h3><p>Greek Islands</p></div></div><div class=\"destination-item\" data-destination=\"maldives\"><div class=\"destination-image\"><img src=\"https://images.unsplash.com/photo-1506905925346-21bda4d32df4?w=400&h=300&fit=crop\" alt=\"Maldives\" loading=\"lazy\" /></div><div class=\"destination-overlay\"><h3>Maldives</h3><p>Tropical Paradise</p></div></div><div class=\"destination-item\" data-destination=\"dubai\"><div class=\"destination-image\"><img src=\"https://images.unsplash.com/photo-1512453979798-5ea266f8880c?w=400&h=300&fit=crop\" alt=\"Dubai\" loading=\"lazy\" /></div><div class=\"destination-overlay\"><h3>Dubai</h3><p>Luxury & Adventure</p></div></div></div>",
          "body_format": "full_html"
        },
        {
          "id": "19",
          "title": "destinations-cta",
          "body": "<a href=\"/destinations\" class=\"btn btn-link\">Explore All Destinations</a>",
          "body_format": "full_html"
        }
      ],
      "image": null,
      "created": "2024-01-20T10:00:00Z",
      "changed": "2024-01-20T10:00:00Z"
    },
    {
      "id": "5",
      "title": "Travel Inspiration",
      "section_type": "travel_inspiration",
      "paragraphs": [
        {
          "id": "20",
          "title": "inspiration-header",
          "body": "<h2>Get Inspired</h2><p class=\"section-subtitle\">Travel stories to inspire you.</p>",
          "body_format": "full_html"
        },
        {
          "id": "21",
          "title": "inspiration-cta",
          "body": "<a href=\"/inspiration\" class=\"btn btn-link\">Explore More Travel Stories</a>",
          "body_format": "full_html"
        }
      ],
      "image": null,
      "created": "2024-01-20T10:00:00Z",
      "changed": "2024-01-20T10:00:00Z"
    },
    {
      "id": "6",
      "title": "Newsletter",
      "section_type": "newsletter",
      "paragraphs": [
        {
          "id": "22",
          "title": "newsletter-header",
          "body": "<h2>Unlock Even More</h2><p class=\"lead\">Sign up to our newsletter to unlock travel Specials, Inspiration, and Expert Guides right to your inbox.</p>",
          "body_format": "full_html"
        },
        {
          "id": "23",
          "title": "newsletter-benefit-1",
          "body": "<div class=\"newsletter-benefit\"><h4>Exclusive Savings</h4><p>Get access to special deals and discounts</p></div>",
          "body_format": "full_html"
        },
        {
          "id": "24",
          "title": "newsletter-benefit-2",
          "body": "<div class=\"newsletter-benefit\"><h4>Insider Contests</h4><p>Enter to win amazing travel prizes</p></div>",
          "body_format": "full_html"
        },
        {
          "id": "25",
          "title": "newsletter-benefit-3",
          "body": "<div class=\"newsletter-benefit\"><h4>Trending Guides</h4><p>Stay updated with the latest travel trends</p></div>",
          "body_format": "full_html"
        },
        {
          "id": "26",
          "title": "newsletter-cta",
          "body": "<a href=\"/newsletter\" class=\"btn btn-primary\">Sign Up Today</a>",
          "body_format": "full_html"
        }
      ],
      "image": null,
      "created": "2024-01-20T10:00:00Z",
      "changed": "2024-01-20T10:00:00Z"
    },
    {
      "id": "7",
      "title": "Testimonials",
      "section_type": "testimonials",
      "paragraphs": [
        {
          "id": "27",
          "title": "testimonials-group",
          "body": "<div class=\"testimonials-grid\"><div class=\"testimonial-card\"><div class=\"testimonial-rating\">★★★★★</div><blockquote><p>\"The whole experience with Sunspots Holidays, from the planning to the execution, was flawless. This was a 6 month trip to South East Asia. Our specialist provided his experience and expertise resulting in the trip of a lifetime.\"</p><cite>Claude D.</cite></blockquote></div><div class=\"testimonial-card\"><div class=\"testimonial-rating\">★★★★★</div><blockquote><p>\"We have used Sunspots Holidays three times so far. The first time was in March 2023, when we went on a safari. We used Sunspots again in March 2024, for a trip to Hong Kong and Japan. Since we are very happy with the service, we are now back for our next trip.\"</p><cite>David Y.</cite></blockquote></div><div class=\"testimonial-card\"><div class=\"testimonial-rating\">★★★★★</div><blockquote><p>\"We used Sunspots Holidays for a trip to Egypt and Jordan. What appealed to us particularly was the fact that we were met and escorted every step of the way. From being met at the airport and escorted through immigration and baggage to a waiting driver and off to our accommodations.\"</p><cite>Aileen N.</cite></blockquote></div><div class=\"testimonial-card\"><div class=\"testimonial-rating\">★★★★★</div><blockquote><p>\"The agent we worked with helped us find the best itinerary for our group of 20, which is no small feat. She was responsive to other needs that unfolded during our booking process. We have returned to Sunspots Holidays year after year because of the great service.\"</p><cite>Jessica</cite></blockquote></div><div class=\"testimonial-card\"><div class=\"testimonial-rating\">★★★★★</div><blockquote><p>\"I had an excellent trip because my Sunspots Holidays agent was an excellent communicator. Listening to my concerns and then following up in a timely manner made this process enjoyable and productive. I felt assured that she would be a support throughout my travels and she was.\"</p><cite>Greg M.</cite></blockquote></div><div class=\"testimonial-card\"><div class=\"testimonial-rating\">★★★★★</div><blockquote><p>\"Everything went off without a hitch. Sunspots reps reviewed everything with us the week before: where to be, when to be there, etc. and it just worked every single time. We were never left waiting for a representative to meet us in destination. Highly recommend.\"</p><cite>Chris H</cite></blockquote></div></div>",
          "body_format": "full_html"
        }
      ],
      "image": null,
      "created": "2024-01-20T10:00:00Z",
      "changed": "2024-01-20T10:00:00Z"
    },
    {
      "id": "8",
      "title": "Specials",
      "section_type": "specials",
      "paragraphs": [
        {
          "id": "33",
          "title": "specials-header",
          "body": "<h2>Exclusive Travel Specials</h2><p class=\"section-subtitle\">Limited-time offers you won't want to miss</p>",
          "body_format": "full_html"
        },
        {
          "id": "38",
          "title": "special-europe",
          "body": "<div class=\"special-card\"><div class=\"special-badge\">Save 20%</div><div class=\"special-image\"><img src=\"https://images.unsplash.com/photo-1539037116277-4db20889f2d4?w=600&h=400&fit=crop\" alt=\"European Adventure\" /></div><div class=\"special-content\"><h3>European Grand Tour</h3><p class=\"special-destination\">🇪🇺 Explore 8 European Countries</p><p class=\"special-description\">Experience the best of Europe with our comprehensive 21-day tour covering iconic cities and hidden gems.</p><div class=\"special-details\"><span class=\"special-price\">From $4,999</span><span class=\"special-original\">$6,249</span></div><a href=\"/specials/europe\" class=\"btn btn-primary btn-small\">View Details</a></div></div>",
          "body_format": "full_html"
        },
        {
          "id": "39",
          "title": "special-africa",
          "body": "<div class=\"special-card\"><div class=\"special-badge\">Save 15%</div><div class=\"special-image\"><img src=\"https://images.unsplash.com/photo-1516426122078-c23e76319801?w=600&h=400&fit=crop\" alt=\"African Safari\" /></div><div class=\"special-content\"><h3>Luxury African Safari</h3><p class=\"special-destination\">🦁 Kenya & Tanzania Safari</p><p class=\"special-description\">Witness the Great Migration and Big Five in luxury lodges with expert guides.</p><div class=\"special-details\"><span class=\"special-price\">From $5,499</span><span class=\"special-original\">$6,499</span></div><a href=\"/specials/africa\" class=\"btn btn-primary btn-small\">View Details</a></div></div>",
          "body_format": "full_html"
        },
        {
          "id": "40",
          "title": "special-asia",
          "body": "<div class=\"special-card\"><div class=\"special-badge\">Save 25%</div><div class=\"special-image\"><img src=\"https://images.unsplash.com/photo-1508009603885-50cf7c579365?w=600&h=400&fit=crop\" alt=\"Asian Adventure\" /></div><div class=\"special-content\"><h3>Asian Discovery Tour</h3><p class=\"special-destination\">🌏 Japan, Thailand & Bali</p><p class=\"special-description\">Immerse yourself in the rich cultures and stunning landscapes of Asia's most captivating destinations.</p><div class=\"special-details\"><span class=\"special-price\">From $3,799</span><span class=\"special-original\">$5,099</span></div><a href=\"/specials/asia\" class=\"btn btn-primary btn-small\">View Details</a></div></div>",
          "body_format": "full_html"
        },
        {
          "id": "41",
          "title": "special-pacific",
          "body": "<div class=\"special-card\"><div class=\"special-badge\">Early Bird</div><div class=\"special-image\"><img src=\"https://images.unsplash.com/photo-1507525428034-b723cf961d3e?w=600&h=400&fit=crop\" alt=\"Pacific Paradise\" /></div><div class=\"special-content\"><h3>Tropical Paradise Escape</h3><p class=\"special-destination\">🏝️ Maldives & Seychelles</p><p class=\"special-description\">Relax in overwater bungalows and pristine beaches in the world's most beautiful tropical destinations.</p><div class=\"special-details\"><span class=\"special-price\">From $4,299</span><span class=\"special-original\">$5,299</span></div><a href=\"/specials/pacific\" class=\"btn btn-primary btn-small\">View Details</a></div></div>",
          "body_format": "full_html"
        },
        {
          "id": "34",
          "title": "specials-cta",
          "body": "<a href=\"/specials\" class=\"btn btn-link\">View All Specials</a>",
          "body_format": "full_html"
        }
      ],
      "image": null,
      "created": "2024-01-20T10:00:00Z",
      "changed": "2024-01-20T10:00:00Z"
    },
    {
      "id": "9",
      "title": "Start Planning",
      "section_type": "start_planning",
      "paragraphs": [
        {
          "id": "35",
          "title": "start-planning-header",
          "body": "<h2>Start Planning</h2>",
          "body_format": "full_html"
        },
        {
          "id": "36",
          "title": "start-planning-cta",
          "body": "<a href=\"/contact\" class=\"btn btn-link\">Discover all Trips</a>",
          "body_format": "full_html"
        }
      ],
      "image": null,
      "created": "2024-01-20T10:00:00Z",
      "changed": "2024-01-20T10:00:00Z"
    }
  ],
  "meta": {
    "count": 9
  },
  "destinations": [
    {
      "id": "dest-1",
      "title": "Bali",
      "description": "Experience the perfect blend of culture, beaches, and spirituality",
      "image": "https://images.unsplash.com/photo-1518548419970-58e3b4079ab2?w=600&h=400&fit=crop"
    },
    {
      "id": "dest-2",
      "title": "Paris",
      "description": "Discover the romance and elegance of the City of Lights",
      "image": "https://images.unsplash.com/photo-1502602898657-3e91760cbb34?w=600&h=400&fit=crop"
    },
    {
      "id": "dest-3",
      "title": "Tokyo",
      "description": "Explore the perfect harmony of tradition and innovation",
      "image": "https://images.unsplash.com/photo-1540959733332-eab4deabeeaf?w=600&h=400&fit=crop"
    },
    {
      "id": "dest-4",
      "title": "Santorini",
      "description": "Breathtaking sunsets and stunning white-washed architecture",
      "image": "https://images.unsplash.com/photo-1613395877344-13d4a8e0d49e?w=600&h=400&fit=crop"
    },
    {
      "id": "dest-5",
      "title": "Maldives",
      "description": "Luxury overwater bungalows in crystal-clear waters",
      "image": "https://images.unsplash.com/photo-1506905925346-21bda4d32df4?w=600&h=400&fit=crop"
    },
    {
      "id": "dest-6",
      "title": "Dubai",
      "description": "Ultra-modern architecture meets Arabian heritage",
      "image": "https://images.unsplash.com/photo-1512453979798-5ea266f8880c?w=600&h=400&fit=crop"
    }
  ]
}
